Distance (m),Angle (degrees),Speed (m/s)
5.867,61.491469549779815,4463.6671705996905
6.2,60.145185038359365,4522.629976288514
6.5,58.962588960434594,4577.834767784112
7.8,54.16696542911225,4838.167166777295
8.2,52.796764332435956,4924.608613865235
